april,1:0,3,14,25,32,52,55,76,90,112,127,147,159,172,194,211,230,288,297,310,317,322,327,333,341,345,359,371,384,397,405,412,423,426,428,431,437,443,452,458,463,468,475,480,487,494,499,505,511,516,521,526,531,539,544,555,562,566,573,581,586,591,596,601,607,615,621,629,636,642,647,652,657,663,668,673,678,683,689,693,699,706,713,719,725,731,736,743,750,756,760,765,780,785,793,798,803,808,830,835,840,847,852,857,863,868,875,882,888,893,903,908,913,919,929,934,944,952,963,968,986,999,1011,1017,1023,1029,1035,1041,1050,1074,1080,1164,1183,1199,1217,1227,1238,1250,1265,1268,1275,1281,1288,1296,1306,1314,1322,1333,1347,1360,1371,1388,1394,1404,1419,1427,1434,1444,1450,1467,1478,1481,1506,1520,1540,1548,1555,1567,1578,1591,1608,1620,1636,1652,1660,1668,1687,1694,1701,1708,1721,1734,1744,1753,1778,1786,1794,1804,1817,1825,1837,1845,1855,1872,1882,1904,1912,1929,1931,1941,1948,1957,1968,1976,1997,2007,2020,2030,2040,2056,2064,2076,2121,2129,2134,2144,2157,2161,2164,2175,2177,2187,2195,2199,2205,2211,2219,2225,2232
monththisyear,1:1;2:1
4,1:2,298,464,469,476,715,1042,1075,1361,1372,1389,1395;2:851,861
4th,1:4,1223
month,1:5,43,61,213,219,256,270,277,302;2:6,19,34,55,68,75,90,93,131,142,170,172,176,1274
year,1:6,62,65,75,83,89,97,109,119,121,124,134,140,154,166,180,188,201,210,262,275,484,560,565,577,1519,2180;2:7,36,45,98,110,123,178,193,201,221,226,237,242,256,269,277,290,299
comes,1:7,56,63,235
march,1:8,57,207,286,989,1009,1015,1021,1027,1033,1072,2131,2135,2159;2:82,218,234,778,786,1198
may,1:9,58,122,299,330,1043,1082,2108,2136,2150,2166;2:267,288;3:125,182
four,1:10,67
months,1:11,68,2132,2147,2179,2235;2:106,1286,1330
30,1:12,69,311,406,424,935,953,964,969,1051,1266,2021,2031,2041,2057,2065,2077,2233;2:634,640,646
day,1:13,18,29,79,85,93,115,130,150,162,175,197,343,370,376,383,394,404,411,430,435,442,451,457,461,466,471,478,490,497,501,509,515,519,529,533,541,547,550,585,589,600,604,619,625,639,646,650,655,660,666,672,676,681,686,692,698,709,723,729,734,741,746,753,759,763,769,784,791,796,801,806,814,834,839,843,850,855,860,866,872,878,885,892,896,907,911,917,922,933,938,943,955,967,1046,1069,1552,1607,1815,1821,1922,2048,2092;2:14,30,41,52,183,189,197,216,232,252,265,286,315,322,328,334,345,355,363,369,376,382,388,395,401,407,413,420,426,431,440,447,453,458,477,485,498,504,511,517,524,531,536,542,549,554,560,573,580,587,593,599,605,611,617,631,637,643,649,655,661,667,713,729
always,1:15,26;2:49
begins,1:16,77,1449,1561,1863;2:39,181,187,805,990,1108
same,1:17,28,78,84,92,114,129,149,161,174,196,1058,1301,2047;2:15,29,40,51,182,188,196,215,231,251,264,285
week,1:19,30,80,86,94,116,131,151,163,176,198,1059,1063,1064,1632;2:31,42,53,184,190,198,217,233,253,266,287,710
july,1:20,81,132;2:11,20,157,738,1282,1291,1320
additionally,1:21
january,1:22,87,152,164,264;2:94,119;3:110,160,175
leap,1:23,88,120,135,155,184,205;2:44,46,192,222,238,273,294
years,1:24,111,126,136,142,146,156,157,167,171,181,185,189,193,202,206,1345,1504;2:38,47,180,212,223,228,239,244,248,257,261,270,274,278,282,291,295
ends,1:27,91,1716,2069;2:50,195
december,1:31,95,178
flower,1:33,242;2:1311
sweet,1:34,2168
pea,1:35,2169
asteraceae,1:36,2170
daisy,1:37,2171
birthstone,1:38,2176;2:1313
diamond,1:39,41,2178
meaning,1:40,239,820
innocence,1:42
file,1:44,336,348,361,373,389,399,415,977,990,1153,1167,1186,1202,1220,1241,1253,2101;2:56,305,673,743,750,763,774
colorful,1:45
spring,1:46,50,212,244;2:1125
garden,1:47
jpg,1:48,353,365,379,391,401,418,979,993,1159,1171,1211,1230,1244,1256,2112;2:59,309,675,745,757,767,780
180px,1:49,354,392,402,1160,1212,1231
flowers,1:51,331,2174
northern,1:53,214,304,973,1000,1294;2:167
hemisphere,1:54,215,221,223,1001;2:162,168,174
making,1:59
fourth,1:60
first,1:64,745,1179,1304,1312,1350,1366,1410,1440,1584,1697,1811,1823,1938,2026,2145,2189;2:69,697,709,841,1069
out,1:66,1727
days,1:70,101,106,1382;2:17,144,150,205,209;3:179
june,1:71,186,208,1052,2151;2:224,235
september,1:72,177,199;2:12,159,240,693,1327
november,1:73;2:54,199,219
later,1:74,1505,1899,2090
every,1:82,96;2:200
each,1:98,222;2:202
others,1:99;2:203
last,1:100;2:204,700,813
exactly,1:102,1502
35,1:103
weeks,1:104;2:207
245,1:105
apart,1:107;2:210
common,1:108,110,125,141,145,170,192,233;2:35,37,177,179,211,227,243,247,260,281
starts,1:113,148,173,1982;2:214,250,263
october,1:117,138,226;2:88,275,297
previous,1:118,123,133,139,153,165;2:18,220,225,236,241,255
finishes,1:128,160,195;2:230,284
february,1:137;2:43,95,165,191,254,296
immediately,1:143,158,168,182,190,203;2:245,258,271,279,292
other,1:144,227;2:33,166,175,246;3:127
before,1:169,183,191,204,260;2:158,259,272,280,293
following,1:179,187,200,209,1122;2:268,276,289,298,941
autumn,1:216,217
fall,1:218,296
southern,1:220;2:173
season,1:224
equivalent,1:225;2:164
unclear,1:228
where,1:229;2:1204
got,1:231
name,1:232,247,2154;2:132,866,1280
theory,1:234,246,1988
latin,1:236;2:72
word,1:237
aperire,1:238
open,1:240
referring,1:241
opening,1:243
another,1:245
could,1:248;3:142
come,1:249,2188
aphrodite,1:250
greek,1:251;3:138
goddess,1:252;3:141
love,1:253
originally,1:254
second,1:255,2140;2:715
old,1:257;2:76
roman,1:258;2:22,61,77,79,114,129,1082
calendar,1:259;2:9,78,80,153,358,1273,1285
start,1:261,1092,1325,2137;2:97
put,1:263
1,1:265,346,417,427,432,1073,1165,1269,1276,1282,1289,1297;2:120,317,319,325,331,342,350,360,792,800,807,817;3:109,159
quite,1:266;3:81
few,1:267
festivals,1:268,578
held,1:269,1700;2:737
many,1:271,1649
southeast,1:272,575,1116
asia,1:273,576
cultures,1:274
celebrated,1:276,284
including,1:278,579,777,1536;2:683
songkran,1:279,349,355,580
western,1:280,1005,1047,1060,2122;2:492
christianity,1:281,294,1006,1048,1061,2123;2:493,625
easter,1:282,983,1002,1025,1031,1039,1067,1174,1413,1417,1840,2127
can,1:283,295;2:1277
sunday,1:285,1008,1026,1418;2:716
22,1:287,372,757,761,1018,1028,1805,1818;2:1321,1326
25,1:289,398,809,831,836,841,848,853,858,1030,1228,1239,1856,1873;2:602,1165
eastern,1:290,1037;2:624
orthodox,1:291,293,1038
church,1:292,1432,1828
8,1:300,522,1044,2109;2:2,417;3:174
end,1:301,324,482,1108;2:108,998
central,1:303,972;2:478,978
europe,1:305,974,1180,1311,1411,1631,1812,1927,2118,2192
culture,1:306,718
celebrate,1:307,812
walpurgis,1:308,420,970
night,1:309,421,971
marking,1:312,549
transition,1:313
winter,1:314,325;2:171
into,1:315,1587
summer,1:316;2:169,734
poetry,1:318,319
poets,1:320
use,1:321
mean,1:323
example,1:326
showers,1:328
bring,1:329
events,1:332,335,976,1004,1121,1152;2:304,672,742
fixed,1:334,1523;2:302
aprilsnar,1:337
2001,1:338,1298
png,1:339
200px,1:340,366,380,980,994,1245
fools,1:342,429
hoax,1:344
copenhagen,1:347
wat,1:350
kungthapao,1:351
03,1:352
celebration,1:356,407,561,1162;2:707
thailand,1:357,445,498;2:472
around,1:358,1630,1926,2133
14,1:360,378,574,582,587,592,597,1592,1609,1621;2:482,992,1003,1087
earth,1:362,369,758,1820
flag,1:363,368,659,842,954,2053;2:311
pd,1:364
proposed,1:367
st,1:374;2:307
george,1:375,382,768,2023
2010,1:377,1522,1610,1622,1755
saint,1:381,767,772;2:585
23,1:385,766,781,786,1024,1034,1826;2:589
london,1:386,1135
trafalgar,1:387
square,1:388
anzac1,1:390
anzac,1:393,813,822,1221,1236,1870
commemoration,1:395
australia,1:396,810,1117,1232,1864
koninginnedag2007,1:400
queen,1:403,632,937,949,1258,2079,2086,2201;2:469
netherlands,1:408,897,902,940,951,1134,1143,1147,1260,1299,2081,2088,2099,2224;2:1054
changed,1:409,941;2:867
king,1:410,702,895,942,958,1400,1793,2096,2196,2221,2227;2:99,777,784,1207
27,1:413,876,883,889,894,945,1932,1933,1942,1949,2226;2:614,772,1173,1186
2014,1:414,898,946
valborgsbrasa,1:416
210px,1:419
bonfire,1:422
sweden,1:425,956,962,2231
islamic,1:433,1284
republic,1:434,805,1285,1707;2:347,368,370,480,505,642,980,1023
iran,1:436,1286
2,1:438,444,453,459,1307,1315,1323,1334;2:366,373,827,1308
international,1:439,470,685,931,965
children,1:440;2:712
book,1:441,783
thai,1:446
heritage,1:447
wikt,1:448
conservation,1:449,450
world,1:454,513,644,670,782,832,837,890,1076,1470,1516,1858,1928;2:547,803,999
autism,1:455
awareness,1:456,473
malvinas,1:460
argentina,1:462;2:722
independence,1:465,675,877,1423,1490,1500,1666,1693;2:327,381,387,400,406,412,446,457,476,484,497,503,510,535,541,553,567,598,604,616,654,660,666,753,894,965,1011,1053,1134,1161,1170
senegal,1:467,1391
landmine,1:472
assistance,1:474
peace,1:477
angola,1:479,590
5,1:481,1184,1405;2:385,392,871,879
tax,1:483,603
united,1:485,492,571,605,1090,1128,1131,1136,1379,1955,2028,2033,2215;2:1214,1300
kingdom,1:486,1132,1137,1956,2216
6,1:488,495,1420,1428,1435;2:398,404,890,896,904
tartan,1:489
canada,1:491,1295;2:730
states,1:493,572,606,1091,1129,1380,1457,2029,2034;2:1215,1301
chakri,1:496
7,1:500,506,512,517,1445;2:410,911
maternity,1:502
beauty,1:503
armenia,1:504,802
genocide,1:507,800,1448
memorial,1:508,871,906
rwanda,1:510
health,1:514
women,1:518,665;2:439
mozambique,1:520
buddha,1:523
birthday,1:524,570,612,631,701,899,924,947,957,1264;2:471
buddhism,1:525
9,1:527,532,540,1451,1468,1479,1482;2:423,429,436,919,927,934
martyrs,1:528
tunisia,1:530
national,1:534,654,738,787,910,915,1086;2:314,321,425,438,516,523,591,629,704
unity,1:535
georgia,1:536,538,1485,1487
country,1:537,1305,1486,1498,1894,1898
finnish,1:542
language,1:543,584,2139,2143,2186;2:1276
12,1:545,1556,1568,1579;2:461,467;3:107,172
cosmonaut,1:546
russia,1:548,1530
yuri,1:551,1581
gagarin,1:552,1582
space,1:553,1589,1590,1849,1852
flight,1:554
13,1:556,563,567;2:206,474,975,984;3:157
songkan,1:557
laos,1:558
local,1:559
cambodia,1:564
thomas,1:568
jefferson,1:569
georgian,1:583
youth,1:588
ambedkar,1:593
tayanti,1:594
india,1:595;2:499,1009
pan,1:598
american,1:599,661,696,1453,1558
15,1:602,608,616,622,1010,1200,1637,2200;2:488,495,501,508,514,521,527,1005,1006,1020,1028
kim,1:609
il,1:610
sung,1:611
north,1:613,861,1441,1801,2070
korea,1:614,862;2:519
father,1:617;2:419
damien,1:618
hawaii,1:620;2:574,1141
jackie,1:623
robinson,1:624
major,1:626
league,1:627
baseball,1:628
16,1:630,637,643,648,1653,2206,2212;2:1035
margrethe,1:633,2202
ii,1:634,1339,1472,2103,2115,2203,2214;2:1001
denmark,1:635,1473,2204
emancipation,1:638;2:333,375
washington,1:640,2024;2:779,787,1199
dc,1:641
voice,1:645
selena,1:649
texas,1:651,730,873,1715
17,1:653,658,664,669,1661;2:533,539,720,754,1048,1056,1063
syria,1:656,1663
samoa,1:662
gabon,1:667;2:543,1059
hemophilia,1:671
18,1:674,679,684,1012,1210,1218,1669,1688
zimbabwe,1:677,1690
invention,1:680
japan,1:682,923;2:530,995
monument,1:687
sites,1:688
19,1:690,694,700,707,1016,1695,1702,1709,1722,1735;2:545,551,1076,1085,1091,1098
bicycle,1:691
dutch,1:695
friendship,1:697
mswati,1:703
iii,1:704
swaziland,1:705,844
patriots,1:708
massachusetts,1:710,1127
maine,1:711
wisconsin,1:712
20,1:714,716,1022,1496,1745,1754,2162,2167;2:557,564,1110,1121,1129
cannabis,1:717
21,1:720,726,732,737,744,751,1779,1787,1795,2160,2165,2220;2:570,576,583,1138,1323,1328
john,1:721,1337,1601
muir,1:722
california,1:724,1677
san,1:727,1203,1214,1672,1675;2:726
jacinto,1:728
kartini,1:733
indonesia,1:735,1511;2:537,751,761,1051
tree,1:739
planting,1:740
kenya,1:742
ridran,1:747
baha,1:748
faith,1:749
grounation,1:752
rastafari,1:754
movement,1:755;2:966
discovery,1:762,1854;2:728
brazil,1:764,1816;2:1171
celebrating,1:770,982;2:312
patron,1:771
several,1:773,1532
countries,1:774
regions,1:775
cities,1:776,1123
england,1:778,1791,1829,1833;2:702
catalonia,1:779
sovereignty,1:788
child,1:789
ren,1:790
turkey,1:792,1860;2:650
24,1:794,799,804,1838,1846;2:596,1146,1156
democracy,1:795
nepal,1:797
gambia,1:807
zealand,1:811,825,1118,1233,1867
awm,1:815
gov,1:816
au,1:817
dawn,1:818
spirit,1:819
asp,1:821
means,1:823
australian,1:824
army,1:826,859,1494,2050;2:344
corps,1:827
began,1:828;2:81
1915,1:829,1229,1240,1857
dna,1:833
malaria,1:838
faroe,1:845
islands,1:846,1332
freedom,1:849,884;2:1201
portugal,1:851,1875
liberation,1:854
italy,1:856
26,1:864,869,1036,1343,1883,1905,1913,1930;2:608;3:108,173
union,1:865,1465;2:1107,1136,1163,1193
tanzania,1:867,1911
confederate,1:870,1456,1459
florida,1:874,1309
sierra,1:879,1704,1951
leone,1:880,1705,1952
togo,1:881,1944
south,1:886,1565,1935,1995;2:441,518
africa,1:887,1936;2:442
tapir,1:891
willem,1:900,2097,2222
alexander,1:901,2098,2223
28,1:904,909,914,1251,1958,1969,1977;2:620,789,1195
workers,1:905,1770
sardinia,1:912
heroes,1:916;2:592,610
barbados,1:918;2:338
29,1:920,930,1998,2008;2:627,1217
showa,1:921
emperor,1:925,1320;2:23,62
hirohito,1:926
died,1:927;2:1303
1989,1:928,1480
dance,1:932
former,1:936,948
holiday,1:939;2:721
juliana,1:950,1254,1259,2080
carl,1:959,2228
xvi,1:960,1743,2229
gustaf,1:961,2230
jazz,1:966
moveable,1:975;2:670
vajicka1,1:978
eggs,1:981
often,1:984;2:736
falls,1:985,988,1040,1049,1057,1071
sometimes,1:987
aprilregen,1:991
lithografie,1:992
traditionally,1:995
showing,1:996,1247
rain,1:997
ing,1:998
related,1:1003
palm,1:1007
maundy,1:1013
thursday,1:1014
good,1:1019
friday,1:1020
monday,1:1032;2:698,701,718,732
ascension,1:1045
3,1:1053,1348;2:379,834,844
judaism,1:1054
jewish,1:1055
passover,1:1056
holy,1:1062
leading,1:1065;2:1043,1266
up,1:1066,1492
mother,1:1068
uk,1:1070,1087;2:694,1012
snooker,1:1077
championship,1:1078
late,1:1079
early,1:1081
horse,1:1083
racing,1:1084
grand,1:1085,2208
kentucky,1:1088
derby,1:1089
daylight,1:1093,1105,1109
saving,1:1094,1106,1110
time,1:1095,1107,1111,1313,1385,1824
clocks,1:1096,1112
going,1:1097,1113
forward,1:1098
hour,1:1099,1115
mexico,1:1100,1767;2:1119
morocco,1:1101
ramadan,1:1102
does,1:1103
include,1:1104
back,1:1114
chile,1:1119
marathon,1:1120,1699
belgrade,1:1124
serbia,1:1125
boston,1:1126,1698
brighton,1:1130
enschede,1:1133
madrid,1:1138
spain,1:1139
paris,1:1140;2:1265
france,1:1141,1667,1947,2039
rotterdam,1:1142
utrecht,1:1144,1146
city,1:1145,1359,1686,1729
zurich,1:1148
switzerland,1:1149;2:313,323,749,798
selection,1:1150;2:740
historical,1:1151;2:741
nunavut,1:1154,1163,1292
feierlichkeit,1:1155
01,1:1156
04,1:1157,1209
99,1:1158
inauguration,1:1161
1999,1:1166,1290
moai,1:1168
rano,1:1169
raraku,1:1170
160px,1:1172
statue,1:1173
island,1:1175,1414,1546,1993
jacob,1:1176,1407
roggeveen,1:1177,1408
became,1:1178;2:128
land,1:1181,1330,1412,1869
there,1:1182,1416,2124;3:124
1722,1:1185,1406
titanic,1:1187,1198,1641
york,1:1188,1358
herald,1:1189
front,1:1190
page,1:1191;3:52,77
jpeg,1:1192
150px,1:1193,1257,2113;2:310,676,746,758,768,781
newspaper,1:1194
report,1:1195
sinking,1:1196
rms,1:1197,1640
1912,1:1201,1638
francisco,1:1204,1215,1673,1676
fire,1:1205,1213,1682,1717,1761
sacramento,1:1206
street,1:1207
1906,1:1208,1219,1670,1671
earthquake,1:1216,1615,1674,1680
beach,1:1222
bn,1:1224
landing,1:1225,1235,1415
8am,1:1226
forces,1:1234,1329,1460,1466,1868,2073
cove,1:1237,1871
hms,1:1242
bounty,1:1243,1249,1962
painting,1:1246,1901
mutiny,1:1248,1960
1789,1:1252,1959,2022
1963,1:1255;2:790,1197
abdicated,1:1261
throne,1:1262,2083
71st,1:1263
1980,1:1267,1689,2078
1918,1:1270
royal,1:1271
air,1:1272,1628
force,1:1273
founded,1:1274,1280,1287,1433
1976,1:1277
apple,1:1278
inc,1:1279
1979,1:1283
territory,1:1291,2038
created,1:1293;2:151,1018
introduces,1:1300
sex,1:1302
marriage,1:1303
1519,1:1308
sighted,1:1310
1930,1:1316
haile,1:1317
selassie,1:1318
becomes,1:1319,1365,1392,1409,1583,1706,1740,1792,1810,1945,1953,2025,2085;2:824,848,876,908,916,931,972,981,1025,1032,1060,1068,1081,1095,1142,1190,1238,1246,1253
ethiopia,1:1321
1982,1:1324
falklands,1:1326
war,1:1327,1455,1471,1560,1859,1887,2068;2:804,1000
argentine,1:1328
falkland,1:1331
2005,1:1335,1736;2:1219
pope,1:1336,1346,1741
paul,1:1338
dies,1:1340,1377,1573,1605;2:1040,1089
aged,1:1341;2:1041
84,1:1342
half,1:1344
1973,1:1349
ever,1:1351,1384
mobile,1:1352
phone,1:1353
call,1:1354
placed,1:1355;3:22
martin,1:1356,1398;2:727,775,782,1205
cooper,1:1357
1721,1:1362
robert,1:1363,1437,1462
walpole,1:1364
prime,1:1367
minister,1:1368
great,1:1369
britain,1:1370
1841,1:1373
william,1:1374,2012
henry,1:1375,1789,1831
harrison,1:1376
president,1:1378,1387,1537,1570,1594,2027;2:937,1299,1302
31,1:1381;2:13,143,652,658,664,1230,1241,1249,1256
shortest,1:1383
office,1:1386
1960,1:1390,1943;2:819,846,873,913,970,977,1022,1058
independent,1:1393,1946,1954;2:762,825,849,877,909,917,932,973,982,1026,1033,1061,1096,1191,1239,1247,1254
1968,1:1396;2:1123
assassination,1:1397
luther,1:1399;2:776,783,1206
jr,1:1401;2:785,1208
memphis,1:1402
tennessee,1:1403
1320,1:1421
scotland,1:1422;2:699
confirmed,1:1424
declaration,1:1425;2:752
arbroath,1:1426
1830,1:1429
mormonism,1:1430
mormon,1:1431
1909,1:1436
peary,1:1438
claims,1:1439,1799
pole,1:1442,1802
date,1:1443,1501,1784,1803;2:797
1994,1:1446,1934
rwandan,1:1447
1865,1:1452,1593
civil,1:1454,1559,1886;2:1212
america,1:1458,1996
under,1:1461
lee,1:1463
surrender,1:1464;2:997
1940,1:1469;2:1112
norway,1:1474
invaded,1:1475
nazi,1:1476
germany,1:1477
tragedy,1:1483
tbilisi,1:1484
peaceful,1:1488
demonstration,1:1489
broken,1:1491
soviet,1:1493,2049;2:1106,1135,1162,1192
killing,1:1495,1616,1731
people,1:1497,1533,1619,1650,1720,1733,2006;2:346,433,1288
gains,1:1499,1664,1691
two,1:1503;2:105,149,1284
10,1:1507,1521;2:444,450,949,959
1815,1:1508
mount,1:1509
tambora,1:1510
erupts,1:1512;2:1150
huge,1:1513
eruption,1:1514,1623;2:765,1184
affecting,1:1515
climate,1:1517
least,1:1518
wing,1:1524
aircraft,1:1525
plane,1:1526
crash,1:1527;2:1264
near,1:1528,1643
smolensk,1:1529
kills,1:1531,1718,1768,2002
important,1:1534
poland,1:1535
lech,1:1538
kaczynski,1:1539
11,1:1541,1549,1769;2:455,968
1814,1:1542
napoleon,1:1543
bonaparte,1:1544
exile,1:1545
elba,1:1547
1954,1:1550
boring,1:1551
20th,1:1553
century,1:1554
1861,1:1557
fort,1:1562
sumter,1:1563
charleston,1:1564
carolina,1:1566
1945,1:1569,1970,2042;2:756,898,921,994,1050
franklin,1:1571
roosevelt,1:1572
harry,1:1574
truman,1:1575
replaces,1:1576
him,1:1577;2:947
1961,1:1580,1950;2:986
human,1:1585
fly,1:1586
outer,1:1588
abraham,1:1595
lincoln,1:1596,1604
shot,1:1597;2:1071
dead,1:1598;2:887,1072
ford,1:1599;2:945
theatre,1:1600
wilkes,1:1602
booth,1:1603
next,1:1606
qinghai,1:1611
province,1:1612
china,1:1613;2:348
hit,1:1614,1678
tens,1:1617
thousands,1:1618
eyjafjallajokull,1:1624
iceland,1:1625
shuts,1:1626
down,1:1627
traffic,1:1629
due,1:1633;3:170
ash,1:1634
cloud,1:1635
ship,1:1639,1961
sinks,1:1642
newfoundland,1:1644
hitting,1:1645
iceberg,1:1646
resulting,1:1647,1681
deaths,1:1648
board,1:1651
1943,1:1654
albert,1:1655
hofmann,1:1656
discovers,1:1657
lsd,1:1658
effects,1:1659
1946,1:1662
full,1:1665,1692
big,1:1679;2:1267
destroy,1:1683
large,1:1684
parts,1:1685
1897,1:1696
1971,1:1703;2:1030
1993,1:1710
siege,1:1711
branch,1:1712
davidians,1:1713
waco,1:1714
82,1:1719
1995,1:1723
timothy,1:1724
mcveigh,1:1725
carries,1:1726
oklahoma,1:1728
bombing,1:1730
169,1:1732
joseph,1:1737
alois,1:1738
ratzinger,1:1739
benedict,1:1742
1902,1:1746
marie,1:1747
curie,1:1748,1750
pierre,1:1749
refine,1:1751
radium,1:1752
deepwater,1:1756,1762
horizon,1:1757,1763
oil,1:1758,1773
spill,1:1759,1774,1776
massive,1:1760,1772
drilling,1:1764
rig,1:1765
gulf,1:1766
causes,1:1771
worst,1:1775
history,1:1777;2:136,140;3:38,39
753,1:1780
bc,1:1781;2:84,103,113,118,155,1079
legendary,1:1782
founding,1:1783;2:796
rome,1:1785
1509,1:1788
viii,1:1790,1832
1908,1:1796
frederick,1:1797
cook,1:1798
reached,1:1800
1502,1:1806
pedro,1:1807
alvares,1:1808
cabral,1:1809
reach,1:1813
present,1:1814,1921
1970,1:1819
observed,1:1822
1533,1:1827
declares,1:1830;2:1052,1169
catherine,1:1834,2015
aragon,1:1835
married,1:1836
1916,1:1839
rising,1:1841
occurs,1:1842,1917
dublin,1:1843
ireland,1:1844
1990,1:1847;2:829
hubble,1:1848
telescope,1:1850
launched,1:1851
shuttle,1:1853
battle,1:1861
gallipoli,1:1862
french,1:1865;2:956
british,1:1866
1974,1:1874;2:936
dictatorship,1:1876
overthrown,1:1877
coup,1:1878;2:1102
known,1:1879
carnation,1:1880
revolution,1:1881;2:957
1937,1:1884
spanish,1:1885
german,1:1888
planes,1:1889
bomb,1:1890;2:900,923
town,1:1891
guernica,1:1892
basque,1:1893,1897
autonomous,1:1895
community,1:1896
depicted,1:1900
pablo,1:1902
picasso,1:1903
1964,1:1906
tanganyika,1:1907
zanzibar,1:1908
merge,1:1909
form,1:1910
1986,1:1914
reactor,1:1915
explosion,1:1916
chernobyl,1:1918
nuclear,1:1919
plant,1:1920
ukraine,1:1923;2:600,1159
radiation,1:1924
spreading,1:1925
holds,1:1937
free,1:1939
elections,1:1940
pacific,1:1963,1991
ocean,1:1964,1992
lead,1:1965
fletcher,1:1966
christian,1:1967
benito,1:1971
mussolini,1:1972
executed,1:1973
italian,1:1974
partisans,1:1975
1947,1:1978;2:1008
peru,1:1979
thor,1:1980
heyerdahl,1:1981
kon,1:1983
tiki,1:1984
expedition,1:1985
aimed,1:1986
proving,1:1987
polynesia,1:1989
settlers,1:1990
came,1:1994
1991,1:1999;2:1100,1131,1158,1188,1251
cyclone,1:2000
bangladesh,1:2001
estimated,1:2003
138,1:2004
000,1:2005
2011,1:2009
wedding,1:2010
prince,1:2011
duke,1:2013,2209
cambridge,1:2014,2017
duchess,1:2016
broadcast,1:2018
worldwide,1:2019;2:1044
1803,1:2032
purchases,1:2035
buys,1:2036
louisiana,1:2037;2:1226
adolf,1:2043
hitler,1:2044
commits,1:2045
suicide,1:2046
raises,1:2051
red,1:2052
berlin,1:2054;2:988,1073
reichstag,1:2055
1952,1:2058
diary,1:2059;2:815
anne,1:2060;2:810,854
frank,1:2061;2:811,855
published,1:2062
english,1:2063,2138,2142,2185;2:1275
1975,1:2066
vietnam,1:2067,2071
ese,1:2072
take,1:2074
saigon,1:2075
abdicates,1:2082,2091
daughter,1:2084
beatrix,1:2087,2089
2013,1:2093
favor,1:2094
son,1:2095
trivia,1:2100;2:1270
elizabeth,1:2102,2114,2213
greets,1:2104
nasa,1:2105
gsfc,1:2106
employees,1:2107
2007,1:2110
edit,1:2111;3:32,33,70
six,1:2116,2190
current,1:2117,2191
monarch,1:2119,2193
born,1:2120,2194
bigger,1:2125
likelihood,1:2126
falling,1:2128
than,1:2130;3:128
letter,1:2141
three,1:2146
row,1:2148
along,1:2149;2:1281
female,1:2152
given,1:2153;2:1279
astrological,1:2155;2:1316
signs,1:2156;2:1317
aries,1:2158
taurus,1:2163
traditional,1:2172;2:795
birth,1:2173
arranged,1:2181
alphabet,1:2182
ical,1:2183
order,1:2184
philippe,1:2197
belgium,1:2198
henri,1:2207
luxembourg,1:2210
commonwealth,1:2217
realm,1:2218
references,1:2234;2:1329
august,2:0,3,26,48,66,91,124,137,141,156,160,185,186,194,213,229,249,262,283,300,316,318,324,330,341,349,359,365,372,378,384,391,397,403,409,416,422,428,435,443,449,454,460,466,473,481,487,494,500,507,513,520,526,532,538,544,550,556,563,569,575,582,588,595,601,607,613,619,626,633,639,645,651,657,663,691,711,717,719,733,739,755,771,788,791,799,806,816,826,833,843,850,860,870,878,889,895,903,910,918,926,933,948,958,967,974,983,991,1002,1004,1019,1027,1034,1047,1055,1062,1075,1084,1090,1097,1101,1109,1120,1128,1137,1145,1155,1164,1172,1185,1194,1216,1229,1240,1248,1255,1271,1283,1295,1304,1307,1310,1318,1322,1325
aug,2:4
8th,2:5
gregorian,2:8
coming,2:10
number,2:16
named,2:21,67,125,1287,1292,1296
augustus,2:24,58,63,126,1080,1088,1297
caesar,2:25,64,127,147,1294
doesn,2:27;3:80
begin,2:28
any,2:32;3:165
hw,2:57
120px,2:60
whom,2:65
called,2:70,822
sextilis,2:71
because,2:73,145
sixth,2:74
735,2:83
romulus,2:85,87
remus,2:86
eighth,2:89,92
added,2:96,148
numa,2:100
pompilius,2:101
700,2:102
those,2:104
moved,2:107
beginning,2:109,122,692,962
decemvirs,2:111
450,2:112
writers,2:115
disagree,2:116
153,2:117
determined,2:121
consul,2:130,1083
infoplease,2:133,138
citation,2:134
title,2:135
spot,2:139
julius,2:146,1293
julian,2:152
45,2:154
either,2:161;3:7
seasonal,2:163
91,2:208
observances,2:301,303
schweizerflaggen,2:306
gallen,2:308
ndash,2:320,326,332,343,351,361,367,374,380,386,393,399,405,411,418,424,430,437,445,451,456,462,468,475,483,489,496,502,509,515,522,528,534,540,546,552,558,565,571,577,584,590,597,603,609,615,621,628,635,641,647,653,659,665,793,801,808,818,828,835,845,852,862,872,880,891,897,905,912,920,928,935,950,960,969,976,985,993,1007,1021,1029,1036,1049,1057,1064,1077,1086,1092,1099,1111,1122,1130,1139,1147,1157,1166,1174,1187,1196,1218,1231,1242,1250,1257
benin,2:329,823
bermuda,2:335
guyana,2:336
jamaica,2:337,408,907
trinidad,2:339,668,1244
tobago,2:340,669,1245
lammas,2:352
cross,2:353
quarter,2:354
celts,2:356
celtic,2:357
statehood,2:362
colorado,2:364
macedonia,2:371
bahamas,2:377
niger,2:383,847
burkina,2:389,868
faso,2:390,869
victory,2:394,529,648
croatia,2:396
bolivia,2:402,893
ivory,2:414,914
coast,2:415,915
taiwan,2:421
singapore,2:427,930
indigenous,2:432
suriname,2:434
ecuador,2:448,963
missouri,2:452
chad,2:459,971
perseid,2:463
meteor,2:464
shower,2:465
sirikit,2:470
african,2:479,979
pakistan,2:486,1017
assumption,2:490,622
mary,2:491,623
congo,2:506,1024
bahrain,2:512,1031
liechtenstein,2:525
humanitarian,2:548
afghanistan,2:555,1094
feast,2:559
stephen,2:561
hungary,2:562
regaining,2:566
estonia,2:568,1132
admission,2:572
ninoy,2:578
aquino,2:579
philippines,2:581,594
helena,2:586
uruguay,2:606,714,1168
namibia,2:612
moldova,2:618,1189
uprising,2:630,1126
slovakia,2:632
constitution,2:636
kazakhstan,2:638
tatarstan,2:644
kyrgyzstan,2:656,1252
malaysia,2:662,1233,1235
monthlong,2:671
pipesanddrums,2:674
military,2:677,684
tattoo,2:678,685
edinburgh,2:679,681,686
castle,2:680,687
festival,2:682
takes,2:688,1202
place,2:689,1203
through,2:690
bank,2:695
holidays,2:696
wales,2:703,708,1261
eisteddfod,2:705
cultural,2:706
commemorating,2:723
jose,2:724
de,2:725
third,2:731
olympics,2:735
bundesbrief2,2:744
foundation,2:747
document,2:748
sukarno,2:759
declaring,2:760
krakatoa,2:764,769,1176
lithograph,2:766
exploded,2:770
1883,2:773,1175
1291,2:794
1914,2:802
1944,2:809,853
makes,2:812,1209
entry,2:814
dahomey,2:820
now,2:821
iraq,2:830
invades,2:831
kuwait,2:832
1492,2:836
christopher,2:837
columbus,2:838
sets,2:839
sail,2:840
voyage,2:842
family,2:856
captured,2:857
gestapo,2:858
amsterdam,2:859
1984,2:863
upper,2:864,874
volta,2:865,875
1962,2:881,906,1065,1243
film,2:882
actress,2:883
marilyn,2:884
monroe,2:885
found,2:886
home,2:888
1825,2:892,1167
atomic,2:899,922
dropped,2:901,924
hiroshima,2:902
nagasaki,2:925
1965,2:929
richard,2:938
nixon,2:939
resigns,2:940
watergate,2:942
scandal,2:943
gerald,2:944
replacing,2:946
1792,2:951
storming,2:952
tuileries,2:953
palace,2:954
during,2:955
1809,2:961
ean,2:964
building,2:987
wall,2:989,1074
announces,2:996
partitioned,2:1010
mainly,2:1013
islam,2:1014
ic,2:1015
state,2:1016,1144
1977,2:1037
elvis,2:1038
presley,2:1039
42,2:1042
outpouring,2:1045,1268
grief,2:1046,1269
peter,2:1066
fechter,2:1067
person,2:1070
43,2:1078
1919,2:1093
against,2:1103
mikhail,2:1104
gorbachev,2:1105
leon,2:1113
trotsky,2:1114
fatally,2:1115
wounded,2:1116
ice,2:1117
pick,2:1118
prague,2:1124
crushed,2:1127
regains,2:1133,1160
1959,2:1140
50th,2:1143
79,2:1148
vesuvius,2:1149
destroying,2:1151
pompeii,2:1152
neighbouring,2:1153
herculaneum,2:1154
sunda,2:1177
strait,2:1178
sumatra,2:1179
java,2:1180
explodes,2:1181
very,2:1182
violent,2:1183
jobs,2:1200
dream,2:1210
speech,2:1211
rights,2:1213
hurricane,2:1220
katrina,2:1221
wreaks,2:1222
devastation,2:1223
alabama,2:1224
mississippi,2:1225
orleans,2:1227
flooded,2:1228
1957,2:1232
then,2:1234
federation,2:1236
malaya,2:1237
1997,2:1258
diana,2:1259
princess,2:1260
killed,2:1262
car,2:1263
only,2:1272,1298
male,2:1278
really,2:1289
lived,2:1290
warren,2:1305
harding,2:1306
1923,2:1309
gladiolus,2:1312
being,2:1314
peridot,2:1315
leo,2:1319
virgo,2:1324
wikipedia,3:0,63
requests,3:0,0,64,66
deletion,3:0,65,78
2018,3:0,67,111,161,176
atalanta,3:0,26,29,30,34,36,42,46,54,56,68,136
attention,3:1
closing,3:2
administrator,3:3,186
progress,3:4
please,3:5,113,163
change,3:6
deleted,3:8
optional,3:9,12
reason,3:10,13,79
kept,3:11
archival,3:14
templates,3:15
subst,3:16,19
archive,3:17,20
top,3:18,23
bottom,3:21,24
respectively,3:25
span,3:27,60,61,73
class,3:28,62
action,3:31,37,47,57,69
talk,3:35,99,154,156
special,3:40,50
whatlinkshere,3:41
limit,3:43
999,3:44
links,3:45
watch,3:48,49
log,3:51
urlencode,3:53
logs,3:55
delete,3:58,59,130
close,3:71,171
request,3:72,115,169
dales,3:74,91,100,105
glendale,3:75,92,101
nominated,3:76
meet,3:82
qd,3:83
criteria,3:84
complete,3:85
garbage,3:86
idea,3:87
article,3:88,144
supposed,3:89
user,3:90,98,150,153
font,3:93,97,102,106
color,3:94,103
blue,3:95
glen,3:96
black,3:104
utc,3:112,162,177
discuss,3:114
below,3:116
keep,3:117,129
mind,3:118
voting,3:119
evil,3:120
shouldn,3:121
vote,3:122
everything,3:123
options,3:126
such,3:131
merging,3:132
discussion,3:133,166
probably,3:134
en,3:135
ancient,3:137
virgin,3:139
hunter,3:140
rewrite,3:143
fit,3:145
preserve,3:146
authorship,3:147
original,3:148
author,3:149
eptalon,3:151,152,155
06,3:158
add,3:164
above,3:167
comment,3:168
seven,3:178
filed,3:180
although,3:181
closed,3:183
earlier,3:184
discretion,3:185
